-0.17871,-0.24005,-0.43881
-0.091857,0.019559,-0.32581
-0.016112,0.2462,-0.22341
0.041525,0.41411,-0.14046
0.076923,0.5068,-0.082487
0.089305,0.51952,-0.050989
0.081119,0.45964,-0.043476
0.057368,0.3449,-0.054203
0.024578,0.20008,-0.075397
-0.010381,0.052656,-0.098765
-0.041395,-0.071722,-0.11696
-0.063965,-0.15308,-0.12477
-0.075707,-0.17988,-0.11987
-0.076487,-0.15018,-0.10293
-0.068209,-0.071325,-0.077329
-0.054335,0.04184,-0.048302
-0.039242,0.16977,-0.021887
-0.027496,0.29146,-0.0037739
-0.02313,0.38775,0.0017424
-0.028992,0.44395,-0.007451
-0.046219,0.45161,-0.030853
-0.073894,0.40924,-0.065314
-0.10894,0.32181,-0.10537
-0.14631,0.19957,-0.14391
-0.17943,0.056159,-0.17302
-0.20099,-0.093369,-0.18506
-0.20397,-0.23443,-0.17366
-0.18265,-0.35441,-0.13474
-0.13381,-0.44362,-0.067275
-0.057462,-0.49574,0.02621
0.042594,-0.5078,0.1396
0.15885,-0.47982,0.26357
0.28068,-0.41435,0.38648
0.3955,-0.31604,0.49565
0.4903,-0.19135,0.57887
0.55342,-0.048413,0.62604
0.57628,0.10301,0.63054
0.55471,0.25167,0.5903
0.48983,0.38521,0.50826
0.38809,0.49089,0.39219
0.26066,0.55674,0.25384
0.12203,0.57299,0.10751
-0.011888,0.53367,-0.031809
-0.12584,0.4381,-0.15037
-0.20733,0.29188,-0.23755
-0.24825,0.10709,-0.28724
-0.24595,-0.098473,-0.29859
-0.20355,-0.30303,-0.27604
-0.12937,-0.48346,-0.22841
-0.035878,-0.61843,-0.16755
0.062108,-0.69138,-0.10639
0.14931,-0.69303,-0.056948
0.21202,-0.6228,-0.028522
0.23983,-0.48893,-0.026367
0.22699,-0.30737,-0.051037
0.17308,-0.099416,-0.098521
0.083017,0.11119,-0.16109
-0.033595,0.30161,-0.22871
-0.16378,0.45288,-0.2908
-0.29286,0.55236,-0.33801
-0.40634,0.59505,-0.36373
-0.49175,0.58388,-0.3651
-0.54012,0.52877,-0.34343
-0.54703,0.44478,-0.30385
-0.51301,0.34956,-0.2544
-0.44325,0.26065,-0.20461
-0.34679,0.19289,-0.16387
-0.23526,0.15641,-0.13986
-0.12137,0.15545,-0.1372
-0.017387,0.18803,-0.15667
0.066219,0.24658,-0.19506
0.12183,0.31936,-0.24568
0.14537,0.39238,-0.29939
0.13655,0.45157,-0.34606
0.098759,0.48488,-0.37611
0.038529,0.48403,-0.38193
-0.035243,0.44567,-0.35905
-0.11235,0.37182,-0.30671
-0.18243,0.26947,-0.22806
-0.23616,0.14955,-0.12974
-0.26629,0.025249,-0.02107
-0.26851,-0.089897,0.087062
-0.24181,-0.18398,0.18353
-0.18857,-0.24837,0.2583
-0.11408,-0.27878,0.30372
-0.025643,-0.27565,0.31545
0.068485,-0.24379,0.29311
0.16033,-0.19131,0.24039
0.24327,-0.1281,0.1647
0.31272,-0.064087,0.076302
0.36653,-0.0075521,-0.012944
0.40474,0.036265,-0.091046
0.42915,0.065975,-0.14742
0.44245,0.08417,-0.17425
0.44751,0.096789,-0.16753
0.4467,0.11181,-0.12761
0.44153,0.13749,-0.059079
0.4326,0.18042,0.029818
0.41986,0.24383,0.12836
0.40303,0.32646,0.22482
0.38201,0.42219,0.30809
0.35728,0.52063,0.36922
0.32994,0.60862,0.40255
0.30161,0.67226,0.40648
0.27402,0.69927,0.38352
0.24849,0.68114,0.33982
0.22549,0.61466,0.28409
0.20429,0.50272,0.22629
0.18301,0.35406,0.1761
0.15887,0.18211,0.14157
0.12878,0.0032123,0.12798
0.089961,-0.16559,0.13718
0.040675,-0.30874,0.16745
-0.019362,-0.41404,0.21377
-0.088755,-0.47391,0.26855
-0.16455,-0.48596,0.32271
-0.24261,-0.45284,0.36681
-0.31823,-0.38145,0.39233
-0.38677,-0.28181,0.39265
-0.4443,-0.16563,0.36394
-0.48802,-0.044964,0.30553
-0.51659,0.068973,0.21999
-0.53005,0.16675,0.11281
-0.52971,0.24134,-0.0082208
-0.51769,0.2884,-0.13392
-0.49649,0.30629,-0.25464
-0.46851,0.29585,-0.36122
-0.4356,0.25994,-0.44583
-0.39887,0.20301,-0.50254
-0.35858,0.13044,-0.5277
-0.31428,0.048132,-0.52005
-0.26515,-0.038069,-0.48063
-0.21043,-0.12271,-0.41263
-0.14987,-0.20111,-0.32112
-0.08409,-0.26963,-0.21272
-0.014748,-0.32582,-0.095264
0.055506,-0.36846,0.022744
0.12331,-0.39743,0.13265
0.18504,-0.41342,0.22629
0.23729,-0.41753,0.29663
0.27734,-0.41087,0.33835
0.30358,-0.39422,0.34824
0.31564,-0.3678,0.32548
0.31452,-0.33123,0.27169
0.30236,-0.28365,0.19072
0.28219,-0.22397,0.088368
0.25745,-0.15121,-0.028167
0.23151,-0.064934,-0.15082
0.20714,0.034283,-0.27132
0.18611,0.1444,-0.38176
0.16889,0.26158,-0.4752
0.15464,0.37997,-0.54608
0.14136,0.4918,-0.59057
0.12634,0.58791,-0.60674
0.10671,0.65854,-0.59458
0.080098,0.69451,-0.55587
0.045215,0.68856,-0.49393
0.0023115,0.63651,-0.41325
-0.04662,0.53815,-0.31902
-0.097921,0.39766,-0.2167
-0.14664,0.22342,-0.11155
-0.18715,0.027197,-0.0082419
-0.21391,-0.177,0.089383
-0.2223,-0.37447,0.17839
-0.20931,-0.5513,0.25668
-0.17406,-0.6958,0.32287
-0.11801,-0.79955,0.37602
-0.044863,-0.85812,0.41548
0.039805,-0.87127,0.44078
0.12918,-0.84279,0.45163
0.216,-0.77987,0.44803
0.2933,-0.69229,0.43053
0.35522,-0.59126,0.4004
0.39754,-0.4883,0.35981
0.41797,-0.39407,0.31183
0.41616,-0.31737,0.26019
0.39348,-0.26434,0.20894
0.35248,-0.238,0.16188
0.29635,-0.23815,0.12203
0.22846,-0.26156,0.091118
0.15201,-0.3026,0.069323
0.069964,-0.35412,0.055322
-0.014783,-0.40851,0.046619
-0.099134,-0.45881,0.040151
-0.17948,-0.49969,0.03301
-0.25152,-0.5281,0.023159
-0.31039,-0.54346,0.0099492
-0.35095,-0.54739,-0.0056503
-0.36848,-0.543,-0.021187
-0.35944,-0.53389,-0.03321
-0.3223,-0.52308,-0.038016
-0.25823,-0.51215,-0.032534
-0.17146,-0.50071,-0.015167
-0.069206,-0.48641,0.013584
0.038848,-0.46539,0.050836
0.1416,-0.43316,0.091487
0.22786,-0.38567,0.1288
0.28786,-0.32031,0.15537
0.31465,-0.23665,0.16427
0.30513,-0.13669,0.1503
0.26058,-0.024666,0.11096
0.18656,0.093627,0.047179
0.092091,0.21181,-0.036499
-0.01158,0.32393,-0.13226
-0.11256,0.42534,-0.22986
-0.19993,0.51323,-0.31778
-0.26509,0.5866,-0.3847
-0.30276,0.64592,-0.42086
-0.31143,0.69245,-0.41936
-0.29323,0.7274,-0.37697
-0.25343,0.7513,-0.29466
-0.19952,0.76369,-0.17747
-0.1402,0.76315,-0.034073
-0.084231,0.74777,0.1242
-0.03941,0.71584,0.28458
-0.011677,0.66659,0.43424
-0.0044838,0.60081,0.56172
-0.018454,0.52119,0.65809
-0.051395,0.43219,0.71789
-0.098641,0.33965,0.73957
-0.15371,0.24996,0.72547
-0.20918,0.16925,0.68136
-0.25768,0.10252,0.61555
-0.29283,0.052935,0.53779
-0.31003,0.021472,0.45799
-0.307,0.0068639,0.38514
-0.28388,0.0059238,0.32629
-0.24307,0.014134,0.28597
-0.18873,0.026394,0.26591
-0.12607,0.037771,0.26515
-0.060635,0.044135,0.28045
0.0024349,0.042586,0.30692
0.058933,0.031629,0.33881
0.10595,0.01114,0.37024
0.14198,-0.017818,0.39594
0.16691,-0.053236,0.41168
0.18168,-0.092392,0.41457
0.18802,-0.13204,0.40313
0.18799,-0.16857,0.37709
0.18361,-0.19812,0.33712
0.17647,-0.21677,0.28452
0.16756,-0.22077,0.22086
0.15719,-0.20686,0.14779
0.14499,-0.17275,0.066884
0.13022,-0.11754,-0.020353
0.11198,-0.04226,-0.11236
0.089565,0.049833,-0.20735
0.062736,0.15314,-0.30315
0.031911,0.25993,-0.39707
-0.0017675,0.36094,-0.48585
-0.036495,0.44626,-0.56579
-0.069995,0.5065,-0.63298
-0.09981,0.53388,-0.68369
-0.12363,0.52336,-0.71482
-0.13964,0.47333,-0.72439
-0.14675,0.38591,-0.71197
-0.14479,0.26692,-0.67896
-0.13449,0.12531,-0.62877
-0.11735,-0.027652,-0.56662
-0.095355,-0.17947,-0.49934
-0.070618,-0.3176,-0.4347
-0.044952,-0.4307,-0.38077
-0.019516,-0.50968,-0.34501
0.0054278,-0.54859,-0.33341
0.030568,-0.54517,-0.34971
0.057362,-0.50096,-0.39475
0.087629,-0.42098,-0.46627
0.12301,-0.31297,-0.55903
0.16437,-0.1863,-0.66523
0.21137,-0.050888,-0.77542
0.26226,0.08393,-0.87938
0.31393,0.21016,-0.96725
0.36238,0.32158,-1.0305
0.40323,0.41385,-1.0627
0.43251,0.48431,-1.06
0.44721,0.53165,-1.0218
0.44574,0.55556,-0.95027
0.42812,0.55655,-0.85025
0.39588,0.53579,-0.72889
0.35177,0.49516,-0.59483
0.29933,0.43724,-0.45741
0.24241,0.36538,-0.32592
0.18475,0.28358,-0.20882
0.12969,0.19626,-0.11302
0.079944,0.108,-0.043376
0.037535,0.023144,-0.002197
0.0037735,-0.054533,0.010923
-0.020714,-0.12216,-0.00088034
-0.035952,-0.17804,-0.031996
-0.042579,-0.22187,-0.074829
-0.041808,-0.25476,-0.12049
-0.035372,-0.27912,-0.15961
-0.025443,-0.29834,-0.18326
-0.014528,-0.31626,-0.18373
-0.0053282,-0.33657,-0.15533
-0.00058032,-0.36221,-0.094902
-0.0028819,-0.3948,-0.0021919
-0.014498,-0.43429,0.12005
-0.037162,-0.4788,0.26625
-0.071882,-0.52474,0.4284
-0.11877,-0.56714,0.59673
-0.17692,-0.60023,0.76054
-0.24437,-0.61825,0.90918
-0.31813,-0.6164,1.033
-0.39436,-0.59173,1.1241
-0.46858,-0.5439,1.1772
-0.53606,-0.47542,1.1902
-0.59218,-0.39147,1.1638
-0.63292,-0.29918,1.1017
-0.6552,-0.20642,1.0102
-0.65728,-0.12046,0.89722
-0.6389,-0.04667,0.77156
-0.6013,0.012377,0.64215
-0.54701,0.057337,0.5172
-0.47952,0.091889,0.40359
-0.40286,0.12199,0.30648
-0.32111,0.15465,0.22913
-0.23805,0.19653,0.17288
-0.15679,0.25247,0.13733
-0.079672,0.32433,0.12055
-0.0081951,0.41029,0.11941
0.056816,0.50467,0.12979
0.11502,0.5985,0.14693
0.16633,0.68057,0.16572
0.21064,0.73898,0.18107
0.24771,0.76294,0.18834
0.27705,0.74446,0.18374
0.29797,0.67984,0.16477
0.30971,0.5704,0.1305
0.31162,0.42272,0.081783
0.30338,0.24797,0.021287
0.28521,0.06067,-0.046649
0.25807,-0.12305,-0.11629
0.22367,-0.28742,-0.18091
0.18454,-0.41889,-0.23341
0.14377,-0.50774,-0.2669
0.10486,-0.54909,-0.27545
0.071262,-0.54337,-0.25489
0.046058,-0.49603,-0.20341
0.03152,-0.41668,-0.12213
0.028797,-0.31771,-0.015378
0.037718,-0.21256,0.10945
0.056778,-0.11399,0.2423
0.083301,-0.032505,0.3713
0.11375,0.02484,0.48392
0.14417,0.055136,0.56827
0.1706,0.0597,0.61451
0.18957,0.043569,0.6161
0.19845,0.014506,0.57076
0.19574,-0.018323,0.48106
0.18126,-0.045805,0.35438
0.15621,-0.060243,0.20239
0.12313,-0.056462,0.039865
0.085725,-0.032496,-0.11686
0.04859,0.010201,-0.25174
0.016813,0.067048,-0.35089
-0.0045397,0.13106,-0.40424
-0.011032,0.19391,-0.40674
0.00049804,0.24715,-0.35902
0.031334,0.28347,-0.26728
0.080427,0.2978,-0.14261
0.14421,0.28801,0.00035871
0.21671,0.25526,0.14521
0.2901,0.20376,0.27564
0.35548,0.14021,0.37743
0.40395,0.072801,0.43996
0.42778,0.01015,0.45739
0.42137,-0.039836,0.42915
0.38215,-0.070892,0.35973
0.31095,-0.079068,0.25787
0.21202,-0.063101,0.13528
0.092569,-0.024486,0.0049793
-0.038161,0.032687,-0.1204
-0.17001,0.10209,-0.23017
-0.29322,0.17567,-0.31675
-0.3996,0.24428,-0.37632
-0.48356,0.29836,-0.40885
-0.5426,0.32876,-0.41758
-0.57742,0.32753,-0.40798
-0.59154,0.28875,-0.38654
-0.5905,0.20939,-0.3594
-0.5808,0.089947,-0.33137
-0.56875,-0.064977,-0.3052
-0.5595,-0.24651,-0.28146
-0.55618,-0.44174,-0.25895
-0.55954,-0.63443,-0.23545
-0.56792,-0.80639,-0.20876
-0.57762,-0.93923,-0.1776
-0.58353,-1.0164,-0.14231
-0.57994,-1.0255,-0.10508
-0.56145,-0.95956,-0.069627
-0.52369,-0.81886,-0.040549
-0.464,-0.61104,-0.022309
-0.38176,-0.35078,-0.018208
-0.27859,-0.058527,-0.029508
-0.15821,0.24152,-0.054911
-0.026154,0.52386,-0.09051
0.11078,0.76442,-0.13023
0.2451,0.94294,-0.16672
0.36937,1.045,-0.19249
0.47684,1.0634,-0.20117
0.56205,0.99813,-0.18866
0.6213,0.85663,-0.15386
0.65284,0.65213,-0.099078
0.65701,0.40224,-0.029793
0.63605,0.12699,0.045967
0.59387,-0.15302,0.1187
0.53568,-0.41839,0.17869
0.46751,-0.65219,0.21739
0.39578,-0.84095,0.22853
0.32679,-0.97513,0.20903
0.26618,-1.0493,0.1594
0.21852,-1.062,0.083609
0.18677,-1.0154,-0.011556
0.17202,-0.91492,-0.1175
0.17329,-0.76875,-0.22513
0.18766,-0.58724,-0.32613
0.21063,-0.38236,-0.41409
0.23672,-0.16704,-0.48517
0.26039,0.045472,-0.53831
0.27684,0.2423,-0.57486
0.28287,0.41169,-0.59775
0.27742,0.54379,-0.6104
0.26176,0.63126,-0.61564
0.23927,0.66992,-0.61472
0.21479,0.65904,-0.60686
0.19371,0.60147,-0.58929
0.18088,0.50336,-0.55776
0.1796,0.37364,-0.50759
0.1909,0.2232,-0.43486
0.21315,0.063875,-0.33764
0.24219,-0.092622,-0.21692
0.27191,-0.23572,-0.077077
0.29511,-0.35689,0.074259
0.30469,-0.45027,0.22691
0.29468,-0.51295,0.36937
0.2613,-0.54492,0.49032
0.20357,-0.54869,0.58017
0.1237,-0.5286,0.63236
0.026845,-0.49003,0.64422
-0.079417,-0.43855,0.61728
-0.18606,-0.37924,0.55691
-0.28375,-0.31623,0.47155
-0.36409,-0.25251,0.37154
-0.42068,-0.19013,0.26786
-0.44993,-0.13046,0.17088
-0.45142,-0.074647,0.089412
-0.42784,-0.023882,0.029962
-0.38445,0.020355,-0.0035681
-0.32828,0.056315,-0.0099352
-0.267,0.082185,0.0096696
-0.20792,0.096454,0.052005
-0.157,0.098337,0.11225
-0.11816,0.088146,0.18448
-0.092894,0.067491,0.26216
-0.080312,0.039245,0.33854
-0.077461,0.0072589,0.40713
-0.079981,-0.024146,0.46205
-0.082936,-0.050807,0.49844
-0.081724,-0.069352,0.51276
-0.072927,-0.077706,0.50308
-0.054984,-0.07538,0.46912
-0.028565,-0.063502,0.41228
0.003413,-0.044563,0.33535
0.036173,-0.021951,0.24224
0.06382,0.00067559,0.13751
0.08035,0.02006,0.025988
0.080763,0.033971,-0.087637
0.062104,0.041664,-0.19904
0.024228,0.044119,-0.30446
-0.029868,0.043962,-0.40072
-0.094234,0.045075,-0.48531
-0.1607,0.051934,-0.55631
-0.22006,0.068786,-0.6124
-0.26354,0.09879,-0.6529
-0.28423,0.14328,-0.67772
-0.27839,0.20131,-0.68744
-0.24617,0.26948,-0.68328
-0.19184,0.34228,-0.66697
-0.12324,0.41265,-0.64065
-0.050809,0.47291,-0.60654
0.013966,0.51582,-0.56674
0.060123,0.53561,-0.52286
0.078814,0.52889,-0.47582
0.064563,0.49527,-0.42574
0.016073,0.4376,-0.37196
-0.063514,0.36175,-0.31315
-0.16691,0.27598,-0.24759
-0.28345,0.18999,-0.1735
-0.40027,0.11364,-0.089272
-0.50372,0.055718,0.0061307
-0.58086,0.022708,0.11299
-0.62094,0.0179,0.23061
-0.61668,0.040963,0.35725
-0.56518,0.088029,0.49003
-0.46848,0.1523,0.62501
-0.3335,0.22504,0.7573
-0.17151,0.29689,0.88128
0.0029188,0.35916,0.99081
0.17334,0.40501,1.0796
0.32314,0.43033,1.1414
0.43728,0.43409,1.1707
0.50396,0.41825,1.1626
0.51595,0.3873,1.1138
0.47137,0.3474,1.0225
0.37406,0.30538,0.88932
0.2332,0.26779,0.71736
0.06246,0.24003,0.51267
-0.12132,0.22567,0.28434
-0.2997,0.22599,0.044366
-0.4544,0.23988,-0.19278
-0.56899,0.26383,-0.411
-0.6304,0.29233,-0.59369
-0.63021,0.31839,-0.72524
-0.56542,0.33438,-0.79258
-0.4389,0.3329,-0.78675
-0.25914,0.30775,-0.70425
-0.039677,0.25481,-0.54786
0.20209,0.17277,-0.32699
0.44634,0.063508,-0.057164
0.67262,-0.067844,0.24108
0.86158,-0.21332,0.54396
0.99678,-0.36288,0.82669
1.0661,-0.50555,1.0658
1.063,-0.63066,1.2416
0.98683,-0.72912,1.3397
0.84346,-0.79436,1.3527
0.64433,-0.82298,1.2808
0.40573,-0.8149,1.1311
0.1473,-0.77306,0.91712
-0.10967,-0.70275,0.65723
-0.34413,-0.61079,0.37245
-0.53712,-0.50456,0.084641
-0.67347,-0.39121,-0.18561
-0.74307,-0.27702,-0.42065
-0.74171,-0.16707,-0.6071
-0.67135,-0.065068,-0.73653
-0.53984,0.02652,-0.80573
-0.36005,0.10632,-0.81641
-0.1487,0.17377,-0.77452
0.075226,0.22895,-0.68938
0.29215,0.2724,-0.57267
0.48358,0.30499,-0.43737
0.63366,0.32791,-0.29683
0.73046,0.34259,-0.16388
0.76692,0.35064,-0.050044
0.74138,0.35376,0.035172
0.65757,0.35355,0.084782
0.52418,0.35129,0.094696
0.35394,0.34769,0.063853
0.16239,0.34264,-0.0058911
-0.033706,0.33513,-0.11013
-0.21793,0.32334,-0.24246
-0.37578,0.30479,-0.39514
-0.49596,0.27681,-0.55979
-0.57136,0.23696,-0.72794
-0.59949,0.18357,-0.89142
-0.58245,0.11618,-1.0426
-0.52645,0.03579,-1.1741
-0.44083,-0.055006,-1.2791
-0.3369,-0.15222,-1.351
-0.22652,-0.25081,-1.3831
-0.12077,-0.34514,-1.3698
-0.028809,-0.42963,-1.3061
0.043037,-0.49931,-1.1894
0.091669,-0.55036,-1.0198
0.11726,-0.58053,-0.80147
0.12283,-0.58935,-0.54292
0.11361,-0.57821,-0.2574
0.096067,-0.55024,0.037733
0.07703,-0.5101,0.32217
0.062835,-0.46364,0.57447
0.058669,-0.41758,0.77438
0.068134,-0.37903,0.90526
0.093029,-0.355,0.95641
0.13329,-0.35184,0.92477
0.18709,-0.37441,0.81586
0.25094,-0.42534,0.64357
0.32002,-0.50426,0.42888
0.38845,-0.60722,0.19759
0.44976,-0.72657,-0.022682
0.49739,-0.85122,-0.20579
0.52527,-0.96748,-0.33023
0.52842,-1.0604,-0.38178
0.50348,-1.1154,-0.3551
0.44911,-1.1198,-0.25429
0.36625,-1.0649,-0.092243
0.2581,-0.94662,0.11117
0.12998,-0.76641,0.33163
-0.011097,-0.53149,0.54333
-0.15691,-0.25434,0.72205
-0.29865,0.048213,0.8478
-0.42761,0.3564,0.90681
-0.53583,0.64914,0.89269
-0.6167,0.90595,0.80668
-0.66551,1.1089,0.65704
-0.67976,1.2441,0.45771
-0.65942,1.3035,0.2266
-0.60682,1.2854,-0.016504
-0.52649,1.1946,-0.25188
-0.42462,1.0421,-0.4616
-0.30853,0.84348,-0.63093
-0.18595,0.61772,-0.7492
-0.064368,0.38483,-0.81021
0.049514,0.164,-0.81225
0.1502,-0.028097,-0.75768
0.23363,-0.17855,-0.65239
0.29728,-0.27889,-0.50498
0.3401,-0.32526,-0.32596
0.36243,-0.3182,-0.127
0.36581,-0.26228,0.079842
0.35278,-0.16549,0.28267
0.32655,-0.03868,0.47033
0.2907,0.10522,0.63287
0.24876,0.25203,0.76202
0.20383,0.3873,0.85164
0.15823,0.49747,0.89806
0.11314,0.57103,0.90048
0.068572,0.59968,0.86105
0.023436,0.57932,0.78485
-0.024103,0.5106,0.67959
-0.076072,0.39913,0.55498
-0.13403,0.25503,0.4219
-0.19842,0.092033,0.29133
-0.26809,-0.073982,0.17324
-0.34005,-0.22666,0.0756
-0.40963,-0.35096,0.0035448
-0.47086,-0.43483,-0.041033
-0.51731,-0.47043,-0.059504
-0.54288,-0.45502,-0.056101
-0.54281,-0.39113,-0.037166
-0.5144,-0.28628,-0.010165
-0.45757,-0.1521,0.017398
-0.37505,-0.0031995,0.038999
-0.27217,0.14443,0.049941
-0.15635,0.27496,0.047883
-0.036298,0.37441,0.033002
0.078949,0.43206,0.0077542
0.18104,0.44158,-0.02373
0.26321,0.40175,-0.056522
0.32103,0.31654,-0.085903
0.35279,0.1948,-0.10833
0.35961,0.049164,-0.1222
0.34517,-0.1054,-0.12821
0.31521,-0.25341,-0.12928
0.27673,-0.38083,-0.13005
0.23715,-0.47677,-0.13596
0.20345,-0.53478,-0.15221
0.18134,-0.55348,-0.18264
0.17473,-0.53643,-0.22895
0.18536,-0.49127,-0.29018
0.21279,-0.42836,-0.36273
0.25462,-0.35922,-0.44073
0.30697,-0.29492,-0.51688
0.36508,-0.24475,-0.58333
0.42393,-0.21532,-0.63274
0.47883,-0.21004,-0.65906
0.52581,-0.22909,-0.65827
0.56182,-0.26968,-0.62862
0.58478,-0.32656,-0.57079
0.59336,-0.39277,-0.48771
0.58669,-0.46034,-0.38419
0.56412,-0.52112,-0.2665
0.52495,-0.5675,-0.14181
0.46836,-0.59302,-0.017623
0.39353,-0.59281,0.098797
0.29988,-0.56392,0.20088
0.18747,-0.50546,0.28317
0.057383,-0.41857,0.34161
-0.087944,-0.30634,0.37369
-0.24454,-0.17365,0.37853
-0.40691,-0.02698,0.35686
-0.56827,0.1258,0.31095
-0.72093,0.27567,0.24448
-0.85691,0.41288,0.16239
-0.96855,0.52756,0.070595
-1.0492,0.6105,-0.024362
-1.0937,0.65421,-0.11573
-1.099,0.65401,-0.19706
-1.0643,0.60904,-0.26279
-0.99138,0.52285,-0.30864
-0.88417,0.40367,-0.33203
-0.74881,0.26382,-0.33224
-0.59313,0.11872,-0.31031
-0.42604,-0.014833,-0.26877
-0.25687,-0.1206,-0.21124
-0.094646,-0.18503,-0.14187
0.052634,-0.1991,-0.064905
0.17859,-0.15974,0.015781
0.2789,-0.070387,0.096892
0.3514,0.059198,0.17582
0.39606,0.21407,0.25056
0.41457,0.37593,0.31956
0.40988,0.52543,0.38145
0.38558,0.64466,0.43482
0.34535,0.71947,0.47812
0.29251,0.74122,0.50963
0.22976,0.70792,0.52762
0.15918,0.62439,0.5306
0.082336,0.50158,0.51771
0.00069385,0.35505,0.48905
-0.083999,0.20287,0.44604
-0.16924,0.06314,0.39164
-0.25142,-0.04829,0.33039
-0.32559,-0.1199,0.26832
-0.38556,-0.14588,0.21264
-0.42418,-0.12666,0.17117
-0.43402,-0.068648,0.15157
-0.40824,0.016875,0.16035
-0.34172,0.11551,0.20187
-0.23211,0.21183,0.27726
-0.080817,0.29154,0.3837
0.10646,0.34341,0.51408
0.31962,0.36068,0.65725
0.54467,0.34182,0.79896
0.76487,0.29047,0.92332
0.96227,0.21473,1.0147
1.1196,0.12596,1.06
1.2221,0.037161,1.05
1.2591,-0.038619,0.98133
1.2255,-0.089825,0.85678
1.1219,-0.1076,0.68522
0.95469,-0.086615,0.48051
0.73513,-0.025439,0.25978
0.47824,0.073458,0.041249
0.20111,0.20409,-0.15818
-0.078779,0.35764,-0.32499
-0.34509,0.52334,-0.45063
-0.58387,0.68943,-0.53236
-0.78445,0.84418,-0.57327
-0.93986,0.97683,-0.58136
-1.0469,1.0784,-0.56814
-1.1058,1.1423,-0.54668
-1.1196,1.1649,-0.52963
-1.0939,1.1458,-0.52745
-1.0354,1.0875,-0.54704
-0.95215,0.99536,-0.59099
-0.85201,0.87704,-0.65746
-0.74269,0.74152,-0.74065
-0.63111,0.5982,-0.83181
-0.52303,0.4559,-0.92049
-0.4229,0.322,-0.99596
-0.33371,0.20169,-1.0486
-0.25705,0.097669,-1.071
-0.19325,0.01008,-1.0591
-0.14156,-0.063227,-1.0123
-0.10048,-0.12622,-0.93375
-0.06806,-0.18411,-0.83011
-0.042176,-0.24274,-0.71038
-0.020813,-0.30795,-0.58502
-0.0022162,-0.38502,-0.4645
0.015027,-0.47807,-0.35807
0.032015,-0.58956,-0.27255
0.049625,-0.71984,-0.21152
0.068636,-0.8668,-0.17498
0.08983,-1.0257,-0.15951
0.11404,-1.1894,-0.15881
0.14213,-1.3486,-0.16479
0.17484,-1.493,-0.16876
0.21263,-1.612,-0.16277
0.25552,-1.6967,-0.1408
0.30292,-1.7407,-0.099647
0.35366,-1.7415,-0.039362
0.4061,-1.701,0.036897
0.45829,-1.6252,0.12349
0.50829,-1.5238,0.21334
0.55433,-1.4086,0.2992
0.59498,-1.2917,0.37492
0.62916,-1.1836,0.43636
0.65602,-1.0918,0.48204
0.6748,-1.0196,0.5131
0.68468,-0.96512,0.53282
0.68465,-0.92228,0.54575
0.67349,-0.88113,0.55648
0.64988,-0.82958,0.56855
0.61262,-0.75511,0.58338
0.56085,-0.64679,0.59974
0.49438,-0.49712,0.61365
0.41396,-0.30352,0.61887
0.32147,-0.069319,0.6079
0.22005,0.19599,0.57332
0.11405,0.4773,0.50932
0.0088841,0.75522,0.41301
-0.089343,1.0081,0.28544
-0.17431,1.2148,0.13202
-0.24009,1.3568,-0.03768
-0.28174,1.4216,-0.21088
-0.29598,1.4036,-0.37296
-0.28159,1.3056,-0.5092
-0.23982,1.1384,-0.60663
-0.17443,0.91962,-0.65563
-0.091574,0.6713,-0.65116
0.00066543,0.41755,-0.59345
0.09294,0.18156,-0.48798
0.17554,-0.016833,-0.34489
0.23944,-0.16308,-0.17784
0.27732,-0.24901,-0.0024926
0.28459,-0.27311,0.1652
0.26008,-0.24003,0.31066
0.20644,-0.1596,0.42217
0.1301,-0.045359,0.49203
0.04074,0.087018,0.51723
-0.049755,0.22132,0.49951
-0.12876,0.34237,0.445
-0.18462,0.43736,0.36321
-0.20838,0.49698,0.26567
-0.19524,0.51609,0.16436
-0.14556,0.49398,0.070146
-0.065038,0.43414,-0.0085914
0.035866,0.34352,-0.066819
0.14325,0.23147,-0.1032
0.24167,0.10849,-0.11981
0.3163,-0.015162,-0.12135
0.35502,-0.13048,-0.11398
0.35015,-0.23058,-0.10401
0.29954,-0.31103,-0.096734
0.20685,-0.36981,-0.095485
0.081147,-0.40687,-0.10123
-0.064334,-0.42353,-0.11257
-0.21387,-0.42176,-0.1263
-0.35123,-0.40361,-0.13816
-0.46173,-0.37084,-0.14386
-0.534,-0.32473,-0.14006
-0.56135,-0.2661,-0.12507
-0.54253,-0.19538,-0.099308
-0.48177,-0.11296,-0.065296
-0.38816,-0.019439,-0.027277
-0.27446,0.083925,0.0094769
-0.15554,0.19492,0.039546
-0.046641,0.31018,0.058255
0.038418,0.42513,0.062435
0.088697,0.53423,0.050919
0.097303,0.63128,0.02471
0.062046,0.70991,-0.013194
-0.014398,0.76407,-0.058253
-0.12484,0.78854,-0.10503
-0.25837,0.77942,-0.14791
-0.40145,0.73443,-0.18178
-0.53935,0.65317,-0.2025
-0.65755,0.53728,-0.20731
-0.74317,0.39037,-0.19485
-0.78629,0.21797,-0.16515
-0.78089,0.027227,-0.11935
-0.72545,-0.17342,-0.059508
-0.62312,-0.37461,0.011656
-0.48138,-0.56658,0.090916
-0.31122,-0.73973,0.17462
-0.12601,-0.8853,0.25874
0.059969,-0.99612,0.33892
0.23306,-1.0674,0.41066
0.38165,-1.0974,0.46956
0.49729,-1.0877,0.51176
0.5755,-1.0433,0.53438
0.61586,-0.97249,0.536
0.62174,-0.88535,0.51694
0.59939,-0.79303,0.47929
0.55681,-0.70618,0.42669
0.50234,-0.63367,0.36375
0.4434,-0.58159,0.29531
0.38539,-0.5527,0.22565
0.33105,-0.54637,0.15784
0.28032,-0.55901,0.093342
0.23065,-0.58481,0.031919
0.17785,-0.61658,-0.028007
0.11711,-0.64662,-0.088791
0.044156,-0.66739,-0.15282
-0.0437,-0.67196,-0.22176
-0.14679,-0.65434,-0.29599
-0.26272,-0.60966,-0.37425
-0.38649,-0.53426,-0.45363
-0.51097,-0.4258,-0.5299
-0.62774,-0.2835,-0.59801
-0.72819,-0.10839,-0.65276
-0.80457,0.09644,-0.68953
-0.85102,0.32562,-0.70483
-0.8643,0.57148,-0.69668
-0.84417,0.8243,-0.66482
-0.79339,1.0728,-0.61057
-0.71736,1.3047,-0.53654
-0.62339,1.508,-0.44616
-0.51976,1.6721,-0.34313
-0.41476,1.7888,-0.23095
-0.31572,1.8533,-0.11253
-0.22824,1.8655,0.0099265
-0.15571,1.8292,0.13492
-0.099128,1.7529,0.26132
-0.057291,1.648,0.38793
-0.027237,1.5277,0.51301
-0.0049122,1.4052,0.63381
0.014061,1.292,0.74633
0.03365,1.196,0.84533
0.056803,1.121,0.9246
0.085082,1.0654,0.97765
0.11855,1.0235,0.99851
0.15592,0.98579,0.98274
0.19496,0.94125,0.9283
0.23293,0.87889,0.8363
0.2672,0.78999,0.71124
0.29571,0.66963,0.56097
0.31728,0.5178,0.39602
0.33185,0.33975,0.22858
0.34036,0.14552,0.071154
0.34463,-0.051219,-0.064851
0.34704,-0.23477,-0.17052
0.35014,-0.38948,-0.24047
0.3563,-0.5017,-0.27347
0.36742,-0.56162,-0.27253
0.38469,-0.56465,-0.24437
0.40842,-0.51227,-0.19839
0.43807,-0.41208,-0.14536
0.47225,-0.27729,-0.095837
0.50887,-0.12536,-0.058702
0.54532,0.0238,-0.040032
0.57865,0.15001,-0.042435
0.60571,0.23515,-0.064991
0.62336,0.26528,-0.10378
0.62851,0.23238,-0.15288
0.61833,0.1354,-0.20561
0.59042,-0.019539,-0.25578
0.54305,-0.21972,-0.29866
0.47554,-0.44733,-0.33157
0.3885,-0.68147,-0.3539
0.2842,-0.90058,-0.36673
0.16662,-1.0849,-0.37209
0.041382,-1.2184,-0.37218
-0.084546,-1.2908,-0.3686
-0.20341,-1.2979,-0.36188
-0.30734,-1.2422,-0.35142
-0.38913,-1.1323,-0.33565
-0.44294,-0.98135,-0.31263
-0.46491,-0.80593,-0.28067
-0.45356,-0.62372,-0.23903
-0.41,-0.45159,-0.18847
-0.33789,-0.30381,-0.13156
-0.24318,-0.19059,-0.072711
-0.13371,-0.11729,-0.017784
-0.018626,-0.084331,0.02652
0.092288,-0.08763,0.053549
0.18942,-0.11967,0.057677
0.26412,-0.17081,0.035237
0.30951,-0.23077,-0.014723
0.32111,-0.28994,-0.089985
0.29733,-0.34055,-0.18508
0.23962,-0.37728,-0.29164
0.15227,-0.39756,-0.3991
0.041984,-0.40128,-0.49587
-0.082831,-0.39031,-0.57059
-0.2129,-0.36779,-0.61354
-0.33893,-0.33739,-0.61793
-0.45233,-0.30274,-0.58082
-0.5458,-0.26701,-0.50362
-0.61367,-0.23274,-0.39193
-0.65211,-0.2018,-0.25487
-0.65911,-0.17547,-0.10392
-0.63431,-0.15462,0.048626
-0.57888,-0.13988,0.19115
-0.49521,-0.13187,0.31414
-0.38676,-0.13138,0.4112
-0.25785,-0.13941,0.47961
-0.11346,-0.15705,0.52024
0.040878,-0.18519,0.53705
0.19932,-0.22405,0.53613
0.35585,-0.27266,0.52453
0.50451,-0.32848,0.50906
0.6396,-0.38702,0.49524
0.75583,-0.44192,0.48641
0.84846,-0.48529,0.48339
0.91345,-0.50839,0.48438
0.94753,-0.50266,0.48539
0.94844,-0.4609,0.48102
0.91503,-0.37847,0.46536
0.84745,-0.25436,0.4331
0.74737,-0.091948,0.38046
0.61806,0.10066,0.30596
0.46439,0.31086,0.21076
0.29277,0.52238,0.098735
0.11088,0.71667,-0.023862
-0.072762,0.87471,-0.14908
-0.24926,0.97918,-0.26811
-0.40993,1.0165,-0.37227
-0.5469,0.97885,-0.45392
-0.65358,0.86509,-0.50723
-0.72508,0.68151,-0.52866
-0.75846,0.44124,-0.51719
-0.75281,0.16309,-0.47412
-0.70919,-0.13044,-0.40268
-0.63045,-0.41547,-0.30743
-0.52094,-0.66923,-0.19361
-0.38625,-0.8724,-0.066522
-0.23286,-1.0109,0.068861
-0.067918,-1.0771,0.20812
0.10099,-1.0699,0.34733
0.26604,-0.99468,0.48284
0.41935,-0.86168,0.61092
0.55315,-0.68441,0.72734
0.66005,-0.4776,0.82705
0.73331,-0.25529,0.90409
0.76725,-0.029209,0.95164
0.75767,0.19215,0.96243
0.7024,0.40368,0.92942
0.60169,0.60311,0.84667
0.45861,0.78987,0.71052
0.2792,0.96366,0.52059
0.07236,1.1231,0.28074
-0.15051,1.2649,-0.000287
-0.37618,1.3835,-0.30887
-0.59055,1.4713,-0.62698
-0.7797,1.5199,-0.93343
-0.9311,1.5212,-1.2056
-1.0348,1.4693,-1.4216
-1.0844,1.3613,-1.5627
-1.0778,1.1988,-1.6154
-1.0178,0.98793,-1.5733
-0.91143,0.73904,-1.4379
-0.77011,0.466,-1.2191
-0.60802,0.18474,-0.93411
-0.44098,-0.088368,-0.6061
-0.28472,-0.3382,-0.26176
-0.15319,-0.55238,0.071368
-0.057046,-0.7224,0.36771
-0.0023416,-0.84423,0.60623
0.010121,-0.91842,0.77253
-0.015102,-0.94962,0.86005
-0.068707,-0.94561,0.87052
-0.13788,-0.91605,0.81327
-0.20799,-0.87109,0.70382
-0.26456,-0.81993,0.56168
-0.29522,-0.76976,0.40783
-0.29132,-0.72502,0.26205
-0.24903,-0.68717,0.14055
-0.16988,-0.65505,0.054113
-0.060378,-0.62562,0.00711
0.068842,-0.59502,-0.0026178
0.2045,-0.55968,0.017077
0.33239,-0.51722,0.054265
0.4392,-0.46705,0.095074
0.51409,-0.41041,0.12602
0.54996,-0.3499,0.13615
0.54413,-0.28875,0.1187
0.49854,-0.22979,0.072035
0.41927,-0.17466,-0.00035182
0.31566,-0.12317,-0.090541
0.19906,-0.073123,-0.18764
0.081398,-0.020584,-0.27959
-0.026134,0.039396,-0.35504
-0.11429,0.11175,-0.40493
-0.17659,0.20024,-0.42363
-0.20976,0.30633,-0.40938
-0.21379,0.42845,-0.36414
-0.19165,0.56157,-0.29296
-0.14876,0.6975,-0.20295
-0.09227,0.82558,-0.10219
-0.030251,0.93396,0.001241
0.029125,1.0111,0.10006
0.078381,1.0473,0.18827
0.11146,1.0362,0.26142
0.12429,0.97594,0.31654
0.11522,0.86962,0.35204
0.08519,0.72532,0.36752
0.037649,0.55533,0.36364
-0.021794,0.37484,0.34197
-0.086007,0.20011,0.30499
-0.14719,0.046492,0.25593
-0.19786,-0.073491,0.19872
-0.23177,-0.15169,0.13775
-0.24471,-0.18532,0.077686
-0.23496,-0.17721,0.023095
-0.2034,-0.13537,-0.021793
-0.15318,-0.071804,-0.053391
-0.089078,-0.00084447,-0.068984
-0.016713,0.06289,-0.06691
0.058386,0.10649,-0.046712
0.13153,0.12046,-0.0092263
0.19939,0.099924,0.043355
0.26015,0.045036,0.1075
0.31331,-0.03919,0.1784
0.35924,-0.14374,0.25022
0.39855,-0.25685,0.31634
0.43146,-0.36553,0.3699
0.45741,-0.45706,0.40433
0.47484,-0.52036,0.414
0.48132,-0.54708,0.39485
0.47393,-0.53238,0.34495
0.44989,-0.47537,0.26479
0.40719,-0.37933,0.15748
0.34522,-0.25154,0.028596
0.26519,-0.10288,-0.11418
0.17029,0.052888,-0.26164
0.065558,0.20013,-0.40376
-0.042655,0.32274,-0.53053
-0.14736,0.40587,-0.63288
-0.24183,0.43777,-0.70345
-0.32045,0.41173,-0.73734
-0.37944,0.32756,-0.73258
-0.4173,0.19238,-0.69035
-0.43486,0.020457,-0.61483
-0.43499,-0.16815,-0.51269
-0.42194,-0.34993,-0.39234
-0.4005,-0.5011,-0.26292
-0.37502,-0.60099,-0.13326
-0.34872,-0.63523,-0.010998
-0.32307,-0.59801,0.098182
-0.29776,-0.4931,0.19084
-0.27089,-0.33335,0.26579
-0.23956,-0.13888,0.32368
-0.20065,0.065885,0.36636
-0.15159,0.25564,0.39617
-0.091069,0.40764,0.41516
-0.019455,0.50462,0.42464
0.061085,0.53684,0.42497
0.14681,0.503,0.41565
0.23291,0.41006,0.39573
0.31419,0.27209,0.36438
0.38578,0.1082,0.32134
0.44378,-0.060058,0.26737
0.4857,-0.21151,0.20428
0.51056,-0.3281,0.13479
0.51877,-0.39712,0.06211
0.51177,-0.41271,-0.010502
0.49151,-0.37638,-0.080229
0.45997,-0.29649,-0.14498
0.41884,-0.18673,-0.2035
0.36928,-0.063925,-0.25526
0.312,0.054529,-0.30019
0.24744,0.1531,-0.33834
0.17606,0.22005,-0.36952
0.098639,0.24862,-0.3931
0.016477,0.23738,-0.40788
-0.06851,0.18973,-0.41211
-0.15382,0.11288,-0.40372
-0.23653,0.016502,-0.38059
-0.31346,-0.08873,-0.34093
-0.38148,-0.19239,-0.28365
-0.4377,-0.28524,-0.20875
-0.47962,-0.35984,-0.11762
-0.50536,-0.41083,-0.01329
-0.51359,-0.43502,0.099502
-0.50364,-0.43129,0.21443
-0.47536,-0.40049,0.32392
-0.42912,-0.34524,0.41973
-0.36563,-0.26975,0.4937
-0.28589,-0.17954,0.53867
-0.19111,-0.081093,0.54939
-0.082762,0.01859,0.52325
0.037371,0.1125,0.46081
0.16704,0.19414,0.36595
0.30331,0.25797,0.2457
0.44241,0.29972,0.10958
0.57951,0.3166,-0.031225
0.7087,0.30736,-0.165
0.82304,0.27223,-0.2806
0.91491,0.21286,-0.36854
0.97643,0.13214,-0.42185
1.0002,0.034183,-0.43671
0.98027,-0.075858,-0.41278
0.91264,-0.19184,-0.3532
0.79643,-0.30683,-0.26428
0.63424,-0.41342,-0.15497
0.43246,-0.50403,-0.035975
0.20118,-0.57144,0.081205
-0.046381,-0.60928,0.18544
-0.29477,-0.61258,0.26709
-0.52761,-0.57823,0.31899
-0.72917,-0.50542,0.33717
-0.88586,-0.39584,0.32128
-0.98776,-0.25379,0.27454
-1.0297,-0.086083,0.20329
-1.012,0.098305,0.11621
-0.94014,0.28868,0.02327
-0.82443,0.47332,-0.065375
-0.67865,0.64032,-0.14054
-0.5184,0.77848,-0.19492
-0.35931,0.87823,-0.22379
-0.21521,0.93247,-0.2253
-0.096712,0.9373,-0.20051
-0.010224,0.89251,-0.15304
0.04241,0.8018,-0.088534
0.063649,0.67259,-0.013928
0.059448,0.51548,0.063283
0.038038,0.34342,0.13575
0.0084913,0.17047,0.19681
-0.0207,0.010463,0.24096
-0.042824,-0.12444,0.26408
-0.053755,-0.22507,0.26365
-0.052255,-0.28624,0.23881
-0.039778,-0.30726,0.19049
-0.019824,-0.29188,0.12132
0.0029987,-0.24763,0.035678
0.024028,-0.18465,-0.060463
0.039518,-0.11428,-0.1598
0.047346,-0.047468,-0.25411
0.047344,0.0065579,-0.33487
0.041218,0.041261,-0.39401
0.032068,0.053235,-0.42482
0.023634,0.042122,-0.42275
0.019405,0.010095,-0.38617
0.021786,-0.038901,-0.31681
0.031513,-0.099969,-0.21979
0.047439,-0.16794,-0.10324
0.066754,-0.2378,0.022529
